ticker,call_date,transcript_path,positive,negative,neutral,return_1d,return_5d
AAPL,2016-04-26,data\raw\data\transcripts\AAPL\2016-Apr-26-AAPL.txt,0.22175832092761993,0.20504529774188995,0.5731964707374573,-0.0625776301180947,-0.08787729368321873
AAPL,2016-01-26,data\raw\data\transcripts\AAPL\2016-Jan-26-AAPL.txt,0.20236551761627197,0.09995004534721375,0.6976844072341919,-0.06570665946090537,-0.05510551097489935
AAPL,2016-07-26,data\raw\data\transcripts\AAPL\2016-Jul-26-AAPL.txt,0.22468800842761993,0.07728828489780426,0.6980236768722534,0.064963013360259,0.08079034837211108
AAPL,2016-10-25,data\raw\data\transcripts\AAPL\2016-Oct-25-AAPL.txt,0.24572841823101044,0.06612877547740936,0.6881428360939026,-0.02249517373633081,-0.05716717596662346
AAPL,2017-08-01,data\raw\data\transcripts\AAPL\2017-Aug-01-AAPL.txt,0.255285382270813,0.04311564564704895,0.7015989422798157,0.047250644942101294,0.0668444149706997
AAPL,2017-01-31,data\raw\data\transcripts\AAPL\2017-Jan-31-AAPL.txt,0.31503793597221375,0.0729566365480423,0.612005352973938,0.060980618003992904,0.0838894703368509
AAPL,2017-05-02,data\raw\data\transcripts\AAPL\2017-May-02-AAPL.txt,0.28142648935317993,0.08709810674190521,0.6314753890037537,-0.0030503713072140837,0.04392908507887827
AAPL,2017-11-02,data\raw\data\transcripts\AAPL\2017-Nov-02-AAPL.txt,0.31512537598609924,0.03397858887910843,0.6508959531784058,0.026113709585496414,0.04621976371148517
AAPL,2018-02-01,data\raw\data\transcripts\AAPL\2018-Feb-01-AAPL.txt,0.1996963769197464,0.058467213064432144,0.741836428642273,-0.043390266121440924,-0.07527735451520179
AAPL,2018-07-31,data\raw\data\transcripts\AAPL\2018-Jul-31-AAPL.txt,0.25703391432762146,0.08733250200748444,0.6556335687637329,0.05890988307291867,0.08839120016254154
AAPL,2018-05-01,data\raw\data\transcripts\AAPL\2018-May-01-AAPL.txt,0.3064870536327362,0.043731722980737686,0.6497812867164612,0.04417493625763913,0.10023630423483021
AAPL,2018-11-01,data\raw\data\transcripts\AAPL\2018-Nov-01-AAPL.txt,0.2449556291103363,0.07667876034975052,0.6783656477928162,-0.06633069563181992,-0.05851211970022674
AAPL,2019-04-30,data\raw\data\transcripts\AAPL\2019-Apr-30-AAPL.txt,0.28065982460975647,0.08052222430706024,0.6388179659843445,0.049085400221319464,0.010913273872866336
AAPL,2019-01-29,data\raw\data\transcripts\AAPL\2019-Jan-29-AAPL.txt,0.2445528507232666,0.16343183815479279,0.592015266418457,0.06833471835257021,0.126066685687944
AAPL,2019-07-30,data\raw\data\transcripts\AAPL\2019-Jul-30-AAPL.txt,0.29550307989120483,0.05551405996084213,0.6489828824996948,0.02040401511224066,-0.05642303457955111
AAPL,2019-10-30,data\raw\data\transcripts\AAPL\2019-Oct-30-AAPL.txt,0.2710552215576172,0.041710611432790756,0.6872341632843018,0.0226097391297988,0.05746934561572492
AAPL,2020-04-30,data\raw\data\transcripts\AAPL\2020-Apr-30-AAPL.txt,0.2182355374097824,0.12771232426166534,0.654052197933197,-0.01609959600679678,0.03383244071015712
AAPL,2020-01-28,data\raw\data\transcripts\AAPL\2020-Jan-28-AAPL.txt,0.29997518658638,0.08862341195344925,0.611401379108429,0.02093234889322293,0.0036515638832719244
AAPL,2020-07-30,data\raw\data\transcripts\AAPL\2020-Jul-30-AAPL.txt,0.2492339313030243,0.042797550559043884,0.707968533039093,0.10468878343415744,0.18414065621226872
AMD,2016-04-21,data\raw\data\transcripts\AMD\2016-Apr-21-AMD.txt,0.2204425185918808,0.0470740981400013,0.7324835062026978,0.5229008335186689,0.3778626155647664
AMD,2016-01-19,data\raw\data\transcripts\AMD\2016-Jan-19-AMD.txt,0.2503018379211426,0.10153301805257797,0.6481651067733765,-0.07692312394843659,0.06153840134600119
AMD,2016-07-21,data\raw\data\transcripts\AMD\2016-Jul-21-AMD.txt,0.2820129692554474,0.060272280126810074,0.6577147245407104,0.11877402055862474,0.30651349535992667
AMD,2016-10-20,data\raw\data\transcripts\AMD\2016-Oct-20-AMD.txt,0.2997490465641022,0.038789454847574234,0.6614614725112915,-0.06321839867943513,0.021551737722025566
AMD,2017-01-31,data\raw\data\transcripts\AMD\2017-Jan-31-AMD.txt,0.2703976631164551,0.11695798486471176,0.6126444339752197,0.1629701593739703,0.28158149551768474
AMD,2017-07-25,data\raw\data\transcripts\AMD\2017-Jul-25-AMD.txt,0.25776010751724243,0.09465868771076202,0.6475813388824463,0.046066661092864836,-0.028348662527499235
AMD,2017-05-01,data\raw\data\transcripts\AMD\2017-May-01-AMD.txt,0.20286251604557037,0.09382393211126328,0.7033135890960693,-0.24229076493853452,-0.2628487484424895
AMD,2017-10-24,data\raw\data\transcripts\AMD\2017-Oct-24-AMD.txt,0.2637516260147095,0.06599780917167664,0.6702505350112915,-0.1347368474592242,-0.22877194588644467
AMD,2018-04-25,data\raw\data\transcripts\AMD\2018-Apr-25-AMD.txt,0.24659863114356995,0.06102869659662247,0.6923726201057434,0.13697218521946253,0.12976315385497061
AMD,2018-01-30,data\raw\data\transcripts\AMD\2018-Jan-30-AMD.txt,0.23904302716255188,0.11102838814258575,0.6499285697937012,0.06759905930809484,-0.09479411638516977
AMD,2018-07-25,data\raw\data\transcripts\AMD\2018-Jul-25-AMD.txt,0.24409733712673187,0.03610340505838394,0.7197993397712708,0.1433022588000079,0.15140189536986037
AMD,2018-10-24,data\raw\data\transcripts\AMD\2018-Oct-24-AMD.txt,0.16642041504383087,0.10902366787195206,0.7245558500289917,-0.15445372164796256,-0.20096540794494788
AMD,2019-04-30,data\raw\data\transcripts\AMD\2019-Apr-30-AMD.txt,0.17840676009655,0.104087233543396,0.7175060510635376,-0.029677876211758325,-0.035106744220674835
AMD,2019-01-29,data\raw\data\transcripts\AMD\2019-Jan-29-AMD.txt,0.2548162043094635,0.10225442796945572,0.6429293751716614,0.19948052740716316,0.21090906316583813
AMD,2019-07-30,data\raw\data\transcripts\AMD\2019-Jul-30-AMD.txt,0.16418765485286713,0.12106531113386154,0.7147471904754639,-0.10097426267485865,-0.14791846706605172
AMD,2019-10-29,data\raw\data\transcripts\AMD\2019-Oct-29-AMD.txt,0.2585357129573822,0.06293792277574539,0.6785264015197754,0.003027620118503993,0.09445966884315005
AMD,2020-04-28,data\raw\data\transcripts\AMD\2020-Apr-28-AMD.txt,0.20852944254875183,0.08039936423301697,0.7110711336135864,-0.03332730192865907,-0.05980903972638629
AMD,2020-01-28,data\raw\data\transcripts\AMD\2020-Jan-28-AMD.txt,0.23944362998008728,0.06173029914498329,0.6988260746002197,-0.05976648586425504,-0.021373402779497397
AMD,2020-07-28,data\raw\data\transcripts\AMD\2020-Jul-28-AMD.txt,0.26780375838279724,0.04040974751114845,0.6917864084243774,0.12542516862868824,0.25780210246747326
AMZN,2016-04-28,data\raw\data\transcripts\AMZN\2016-Apr-28-AMZN.txt,0.22244654595851898,0.04191270098090172,0.7356407642364502,0.09566443185819673,0.09483381639101895
AMZN,2016-01-28,data\raw\data\transcripts\AMZN\2016-Jan-28-AMZN.txt,0.22087585926055908,0.06780756264925003,0.7113166451454163,-0.0760997732916433,-0.15596128780241314
AMZN,2016-07-28,data\raw\data\transcripts\AMZN\2016-Jul-28-AMZN.txt,0.22478091716766357,0.04263562336564064,0.7325833439826965,0.008237933380032203,0.010842293815974458
AMZN,2016-10-27,data\raw\data\transcripts\AMZN\2016-Oct-27-AMZN.txt,0.1701900213956833,0.04923002049326897,0.7805801033973694,-0.05137097153119663,-0.06272295441307096
AMZN,2017-04-27,data\raw\data\transcripts\AMZN\2017-Apr-27-AMZN.txt,0.1977534145116806,0.042121730744838715,0.760124921798706,0.007197490485894464,0.020851945479875678
AMZN,2017-02-02,data\raw\data\transcripts\AMZN\2017-Feb-02-AMZN.txt,0.19493336975574493,0.029520398005843163,0.7755462527275085,-0.03541884643413129,-0.022132282860644503
AMZN,2017-07-27,data\raw\data\transcripts\AMZN\2017-Jul-27-AMZN.txt,0.23044782876968384,0.03771908953785896,0.7318330407142639,-0.02481836242119062,-0.056481808963021574
AMZN,2017-10-26,data\raw\data\transcripts\AMZN\2017-Oct-26-AMZN.txt,0.1641753911972046,0.025972265750169754,0.8098524212837219,0.13216381132847022,0.12524296173949856
AMZN,2018-04-26,data\raw\data\transcripts\AMZN\2018-Apr-26-AMZN.txt,0.236288383603096,0.027165548875927925,0.7365460395812988,0.03600877473825914,0.035653028522121266
AMZN,2018-02-01,data\raw\data\transcripts\AMZN\2018-Feb-01-AMZN.txt,0.2609614431858063,0.04059406742453575,0.6984444856643677,0.02874097206609716,-0.02841724423195824
AMZN,2018-07-26,data\raw\data\transcripts\AMZN\2018-Jul-26-AMZN.txt,0.2251124382019043,0.037296950817108154,0.7375905513763428,0.005127223105519718,0.014563028545497403
AMZN,2018-10-25,data\raw\data\transcripts\AMZN\2018-Oct-25-AMZN.txt,0.18408681452274323,0.03323441371321678,0.7826789021492004,-0.07819674751655215,-0.06544831175716281
AMZN,2019-04-25,data\raw\data\transcripts\AMZN\2019-Apr-25-AMZN.txt,0.19385012984275818,0.06316197663545609,0.7429878115653992,0.02543302552920257,-0.0007517695702736749
AMZN,2019-01-31,data\raw\data\transcripts\AMZN\2019-Jan-31-AMZN.txt,0.20638179779052734,0.04872305691242218,0.7448951005935669,-0.05381880772938674,-0.06071927860666704
AMZN,2019-07-25,data\raw\data\transcripts\AMZN\2019-Jul-25-AMZN.txt,0.2352268397808075,0.039147138595581055,0.7256261110305786,-0.015589116785757695,-0.06003589930352815
AMZN,2019-10-24,data\raw\data\transcripts\AMZN\2019-Oct-24-AMZN.txt,0.1777341663837433,0.06143283098936081,0.7608330845832825,-0.010922221117825037,-0.0023136072771393623
AMZN,2020-04-30,data\raw\data\transcripts\AMZN\2020-Apr-30-AMZN.txt,0.1557847410440445,0.09011515974998474,0.7540999054908752,-0.07597409237648922,-0.04300320360566301
AMZN,2020-01-30,data\raw\data\transcripts\AMZN\2020-Jan-30-AMZN.txt,0.1889248639345169,0.040814731270074844,0.7702604532241821,0.07379135586484753,0.09598115384339301
AMZN,2020-07-30,data\raw\data\transcripts\AMZN\2020-Jul-30-AMZN.txt,0.26686638593673706,0.05923248082399368,0.6739012598991394,0.036960821567137314,0.05672573097076117
ASML,2016-04-20,data\raw\data\transcripts\ASML\2016-Apr-20-ASML.txt,0.14442458748817444,0.06467099487781525,0.7909045815467834,-0.006325874544078958,0.029140144247778776
ASML,2016-01-20,data\raw\data\transcripts\ASML\2016-Jan-20-ASML.txt,0.14906764030456543,0.06139076501131058,0.7895415425300598,0.02463024888509202,0.05219320690989804
ASML,2016-07-20,data\raw\data\transcripts\ASML\2016-Jul-20-ASML.txt,0.15185070037841797,0.03327847644686699,0.8148708939552307,-0.024778090918619045,0.012943687633695689
ASML,2016-10-19,data\raw\data\transcripts\ASML\2016-Oct-19-ASML.txt,0.1364419013261795,0.04382101073861122,0.8197371959686279,-0.004899902553321622,-0.0023059594221871427
ASML,2017-04-19,data\raw\data\transcripts\ASML\2017-Apr-19-ASML.txt,0.15608398616313934,0.05593551695346832,0.7879804372787476,0.024903348841649908,0.0438961355096843
ASML,2017-01-18,data\raw\data\transcripts\ASML\2017-Jan-18-ASML.txt,0.1694241762161255,0.06532549113035202,0.7652502059936523,-0.009026718891980035,-0.0015451379486859373
ASML,2017-07-19,data\raw\data\transcripts\ASML\2017-Jul-19-ASML.txt,0.16920489072799683,0.0707375556230545,0.7600575089454651,0.021177495965520876,0.025891281125324905
ASML,2017-10-18,data\raw\data\transcripts\ASML\2017-Oct-18-ASML.txt,0.16048961877822876,0.04341251030564308,0.7960976958274841,0.02498115564496617,0.03278391976670347
ASML,2018-04-18,data\raw\data\transcripts\ASML\2018-Apr-18-ASML.txt,0.1714702844619751,0.035667549818754196,0.7928621768951416,-0.054381785246180425,-0.07105495907873305
ASML,2018-01-17,data\raw\data\transcripts\ASML\2018-Jan-17-ASML.txt,0.1776280701160431,0.032065100967884064,0.790306806564331,0.020986140222136518,0.015413348647502545
ASML,2018-07-18,data\raw\data\transcripts\ASML\2018-Jul-18-ASML.txt,0.21775759756565094,0.022424407303333282,0.7598180174827576,-0.012115660068139467,0.0049104015453298455
ASML,2018-10-17,data\raw\data\transcripts\ASML\2018-Oct-17-ASML.txt,0.17024338245391846,0.02758950926363468,0.8021671772003174,-0.046321962699283126,-0.14512728451534174
ASML,2019-04-17,data\raw\data\transcripts\ASML\2019-Apr-17-ASML.txt,0.14740607142448425,0.07195016741752625,0.7806437611579895,0.012539455320740744,0.01401454284803827
ASML,2019-01-23,data\raw\data\transcripts\ASML\2019-Jan-23-ASML.txt,0.1726977527141571,0.0943196639418602,0.7329826951026917,0.041820805082432244,0.09295580982168516
ASML,2019-07-17,data\raw\data\transcripts\ASML\2019-Jul-17-ASML.txt,0.14364194869995117,0.07037635892629623,0.7859818339347839,0.0412550995494394,0.07529741188311179
ASML,2019-10-16,data\raw\data\transcripts\ASML\2019-Oct-16-ASML.txt,0.13877473771572113,0.04251924902200699,0.8187060952186584,-0.002790213705453737,0.012535772318153393
ASML,2020-04-15,data\raw\data\transcripts\ASML\2020-Apr-15-ASML.txt,0.13887067139148712,0.10537087917327881,0.7557584643363953,0.03508084360997299,0.044178746302417915
ASML,2020-01-22,data\raw\data\transcripts\ASML\2020-Jan-22-ASML.txt,0.20572465658187866,0.05212501436471939,0.7421503067016602,-0.006514681437904346,-0.0003712013240169121
ASML,2020-07-15,data\raw\data\transcripts\ASML\2020-Jul-15-ASML.txt,0.22856688499450684,0.039666615426540375,0.7317664623260498,0.02607688809862485,0.045734355666137594
CSCO,2016-08-17,data\raw\data\transcripts\CSCO\2016-Aug-17-CSCO.txt,0.21382206678390503,0.08923281729221344,0.696945071220398,-0.007812475938225094,0.011067771360009582
CSCO,2016-02-10,data\raw\data\transcripts\CSCO\2016-Feb-10-CSCO.txt,0.23415185511112213,0.03784481808543205,0.7280033826828003,0.09640141458522034,0.1741444871318787
CSCO,2016-05-18,data\raw\data\transcripts\CSCO\2016-May-18-CSCO.txt,0.26972588896751404,0.08744685351848602,0.6428272724151611,0.03181149496285718,0.08233541246993292
CSCO,2016-11-16,data\raw\data\transcripts\CSCO\2016-Nov-16-CSCO.txt,0.19331865012645721,0.13231375813484192,0.6743674874305725,-0.04814689461519284,-0.05891684630377092
CSCO,2017-08-16,data\raw\data\transcripts\CSCO\2017-Aug-16-CSCO.txt,0.2205391228199005,0.1224733218550682,0.6569875478744507,-0.040197905700385284,-0.04390835119441061
CSCO,2017-02-15,data\raw\data\transcripts\CSCO\2017-Feb-15-CSCO.txt,0.21436156332492828,0.09153826534748077,0.6941002011299133,0.02376590809992485,0.03717237280511454
CSCO,2017-05-17,data\raw\data\transcripts\CSCO\2017-May-17-CSCO.txt,0.18364793062210083,0.1201167181134224,0.6962354183197021,-0.07214672678193645,-0.0688942545160347
CSCO,2017-11-15,data\raw\data\transcripts\CSCO\2017-Nov-15-CSCO.txt,0.21718354523181915,0.07739762216806412,0.7054188251495361,0.051890530113393174,0.06860144863136086
CSCO,2018-08-15,data\raw\data\transcripts\CSCO\2018-Aug-15-CSCO.txt,0.22772487998008728,0.07722244411706924,0.6950526833534241,0.02963975139016628,0.04856346762060926
CSCO,2018-02-14,data\raw\data\transcripts\CSCO\2018-Feb-14-CSCO.txt,0.2550159990787506,0.04191156476736069,0.7030724883079529,0.04727953498417192,0.020194534239250217
CSCO,2018-05-16,data\raw\data\transcripts\CSCO\2018-May-16-CSCO.txt,0.24241510033607483,0.06172145903110504,0.6958635449409485,-0.037644018421629566,-0.032772189571206645
CSCO,2018-11-14,data\raw\data\transcripts\CSCO\2018-Nov-14-CSCO.txt,0.22544752061367035,0.03721996024250984,0.7373325824737549,0.05504129769885013,0.01263220576146784
CSCO,2019-08-14,data\raw\data\transcripts\CSCO\2019-Aug-14-CSCO.txt,0.22584931552410126,0.15341225266456604,0.6207384467124939,-0.08614883020701436,-0.03635661753879682
CSCO,2019-02-13,data\raw\data\transcripts\CSCO\2019-Feb-13-CSCO.txt,0.2544827163219452,0.02652652934193611,0.7189906239509583,0.01894755801515524,0.04021098604490736
CSCO,2019-05-15,data\raw\data\transcripts\CSCO\2019-May-15-CSCO.txt,0.16377805173397064,0.08492257446050644,0.7512992024421692,0.06655286045574682,0.06197576662344639
CSCO,2019-11-13,data\raw\data\transcripts\CSCO\2019-Nov-13-CSCO.txt,0.16882167756557465,0.19703347980976105,0.6341447830200195,-0.0732560692694404,-0.06974835860124995
CSCO,2020-08-12,data\raw\data\transcripts\CSCO\2020-Aug-12-CSCO.txt,0.17933106422424316,0.09500142931938171,0.7256675362586975,-0.11185037535831954,-0.12952161515793725
CSCO,2020-02-12,data\raw\data\transcripts\CSCO\2020-Feb-12-CSCO.txt,0.16012337803840637,0.15650761127471924,0.683368980884552,-0.05227329287071503,-0.06168643909231497
CSCO,2020-05-13,data\raw\data\transcripts\CSCO\2020-May-13-CSCO.txt,0.18898780643939972,0.13644765317440033,0.6745645403862,0.04529201998517074,0.08319454140586413
GOOGL,2016-04-21,data\raw\data\transcripts\GOOGL\2016-Apr-21-GOOGL.txt,0.26128342747688293,0.05197936296463013,0.6867372393608093,-0.05414092185741948,-0.09607699335231812
GOOGL,2016-02-01,data\raw\data\transcripts\GOOGL\2016-Feb-01-GOOGL.txt,0.2999822795391083,0.04099762812256813,0.6590200662612915,0.013155689894048583,-0.08642017719073258
GOOGL,2016-07-28,data\raw\data\transcripts\GOOGL\2016-Jul-28-GOOGL.txt,0.2372281402349472,0.03123938851058483,0.7315323948860168,0.033296880306330046,0.041013926825196556
GOOGL,2016-10-27,data\raw\data\transcripts\GOOGL\2016-Oct-27-GOOGL.txt,0.2682446539402008,0.020511889830231667,0.7112435102462769,0.0027039248863924836,-0.04301701251190315
GOOGL,2017-04-27,data\raw\data\transcripts\GOOGL\2017-Apr-27-GOOGL.txt,0.2808692157268524,0.020053882151842117,0.6990768909454346,0.03710856181528155,0.07098630532985717
GOOGL,2017-01-26,data\raw\data\transcripts\GOOGL\2017-Jan-26-GOOGL.txt,0.26118871569633484,0.02748309075832367,0.7113282084465027,-0.013944195554469796,-0.045181823407473454
GOOGL,2017-07-24,data\raw\data\transcripts\GOOGL\2017-Jul-24-GOOGL.txt,0.25146520137786865,0.01923365704715252,0.7293012142181396,-0.02932966827167316,-0.05289937017161317
GOOGL,2017-10-26,data\raw\data\transcripts\GOOGL\2017-Oct-26-GOOGL.txt,0.2819047272205353,0.019815560430288315,0.6982797384262085,0.042615650944689776,0.05199601320629288
GOOGL,2018-04-23,data\raw\data\transcripts\GOOGL\2018-Apr-23-GOOGL.txt,0.29567211866378784,0.030786138027906418,0.673541784286499,-0.047652784898964184,-0.051433677895613705
GOOGL,2018-02-01,data\raw\data\transcripts\GOOGL\2018-Feb-01-GOOGL.txt,0.3047654330730438,0.02001209743320942,0.6752224564552307,-0.052801752356523735,-0.14715767756217846
GOOGL,2018-07-23,data\raw\data\transcripts\GOOGL\2018-Jul-23-GOOGL.txt,0.29185423254966736,0.033654119819402695,0.6744916439056396,0.0389347872678778,0.01572250412945575
GOOGL,2018-10-25,data\raw\data\transcripts\GOOGL\2018-Oct-25-GOOGL.txt,0.25211846828460693,0.029578283429145813,0.7183032035827637,-0.017977745319761596,-0.01595700830208846
GOOGL,2019-04-29,data\raw\data\transcripts\GOOGL\2019-Apr-29-GOOGL.txt,0.2805938720703125,0.05764027312397957,0.6617659330368042,-0.0750191921437624,-0.07926230672466117
GOOGL,2019-02-04,data\raw\data\transcripts\GOOGL\2019-Feb-04-GOOGL.txt,0.31206920742988586,0.05065160244703293,0.6372791528701782,0.009155170582612504,-0.034430764717881646
GOOGL,2019-07-25,data\raw\data\transcripts\GOOGL\2019-Jul-25-GOOGL.txt,0.2643137276172638,0.02858431078493595,0.7071018218994141,0.09620230315102951,0.06676408642315024
GOOGL,2019-10-28,data\raw\data\transcripts\GOOGL\2019-Oct-28-GOOGL.txt,0.24475698173046112,0.04019736126065254,0.7150456309318542,-0.02197072174756365,0.0004886416639542368
GOOGL,2020-04-28,data\raw\data\transcripts\GOOGL\2020-Apr-28-GOOGL.txt,0.23137927055358887,0.11384626477956772,0.6547744870185852,0.08891040643304904,0.09445961815698278
GOOGL,2020-02-03,data\raw\data\transcripts\GOOGL\2020-Feb-03-GOOGL.txt,0.2814956605434418,0.05723981186747551,0.6612645983695984,-0.02508418936540846,0.017577362688502518
GOOGL,2020-07-30,data\raw\data\transcripts\GOOGL\2020-Jul-30-GOOGL.txt,0.24004358053207397,0.10609054565429688,0.6538659334182739,-0.03277502314061986,-0.021724263878117767
INTC,2016-04-19,data\raw\data\transcripts\INTC\2016-Apr-19-INTC.txt,0.18411938846111298,0.1320420801639557,0.6838384866714478,0.012658329429993342,-0.006329051154107979
INTC,2016-01-14,data\raw\data\transcripts\INTC\2016-Jan-14-INTC.txt,0.16537460684776306,0.1005709245800972,0.734054446220398,-0.09102011132036136,-0.08582775095069306
INTC,2016-07-20,data\raw\data\transcripts\INTC\2016-Jul-20-INTC.txt,0.20726613700389862,0.12298673391342163,0.6697472929954529,-0.03978705750650202,-0.024096089286717026
INTC,2016-10-18,data\raw\data\transcripts\INTC\2016-Oct-18-INTC.txt,0.20520652830600739,0.08545470982789993,0.709338903427124,-0.05933757268456996,-0.07019879005383745
INTC,2017-04-27,data\raw\data\transcripts\INTC\2017-Apr-27-INTC.txt,0.23943178355693817,0.12318576872348785,0.6373825669288635,-0.03419714044503097,-0.008171679897129525
INTC,2017-01-26,data\raw\data\transcripts\INTC\2017-Jan-26-INTC.txt,0.22624778747558594,0.1149238720536232,0.6588283777236938,0.011182216934175093,-0.023429341745110355
INTC,2017-07-27,data\raw\data\transcripts\INTC\2017-Jul-27-INTC.txt,0.289364755153656,0.1263311803340912,0.5843039751052856,0.00972276563524943,0.05129896528160316
INTC,2017-10-26,data\raw\data\transcripts\INTC\2017-Oct-26-INTC.txt,0.3227742612361908,0.09581468254327774,0.5814110636711121,0.07376085189031678,0.1390571878798197
INTC,2018-04-26,data\raw\data\transcripts\INTC\2018-Apr-26-INTC.txt,0.26647916436195374,0.06156766414642334,0.6719530820846558,-0.00603231824517847,-0.01451472606096249
INTC,2018-01-25,data\raw\data\transcripts\INTC\2018-Jan-25-INTC.txt,0.2808246314525604,0.09005015343427658,0.62912517786026,0.10551896366358582,0.05187620409348148
INTC,2018-07-26,data\raw\data\transcripts\INTC\2018-Jul-26-INTC.txt,0.3806222081184387,0.04794091358780861,0.571436882019043,-0.08588933461947845,-0.05138047814729019
INTC,2018-10-25,data\raw\data\transcripts\INTC\2018-Oct-25-INTC.txt,0.3249821364879608,0.08033958077430725,0.5946782231330872,0.031143888394296937,0.08824177209124606
INTC,2019-04-25,data\raw\data\transcripts\INTC\2019-Apr-25-INTC.txt,0.20544008910655975,0.2580949366092682,0.5364651083946228,-0.0899149950223963,-0.12254828841308218
INTC,2019-01-24,data\raw\data\transcripts\INTC\2019-Jan-24-INTC.txt,0.25068366527557373,0.17030039429664612,0.579015851020813,-0.054662188090917385,-0.05305451859527033
INTC,2019-07-25,data\raw\data\transcripts\INTC\2019-Jul-25-INTC.txt,0.2223982810974121,0.20479439198970795,0.5728073120117188,-0.010927874334019316,-0.05099691475111545
INTC,2019-10-24,data\raw\data\transcripts\INTC\2019-Oct-24-INTC.txt,0.2723436951637268,0.09339914470911026,0.6342570781707764,0.080987882830031,0.08232803718297665
INTC,2020-04-23,data\raw\data\transcripts\INTC\2020-Apr-23-INTC.txt,0.3352217972278595,0.07847427576780319,0.5863038897514343,0.0037260506181342468,0.01592145168372383
INTC,2020-01-23,data\raw\data\transcripts\INTC\2020-Jan-23-INTC.txt,0.27440446615219116,0.09687449038028717,0.6287210583686829,0.0813328628995631,0.049747551633999354
INTC,2020-07-23,data\raw\data\transcripts\INTC\2020-Jul-23-INTC.txt,0.2549252212047577,0.11815180629491806,0.6269229054450989,-0.16241726777323695,-0.20546363735358042
MSFT,2016-04-21,data\raw\data\transcripts\MSFT\2016-Apr-21-MSFT.txt,0.21244046092033386,0.11103805899620056,0.6765215396881104,-0.07171062972775633,-0.1054141373165467
MSFT,2016-01-28,data\raw\data\transcripts\MSFT\2016-Jan-28-MSFT.txt,0.2329290509223938,0.07060325890779495,0.6964677572250366,0.05820209001359955,-0.0011523393649096603
MSFT,2016-07-19,data\raw\data\transcripts\MSFT\2016-Jul-19-MSFT.txt,0.22723963856697083,0.10722554475069046,0.6655348539352417,0.05311739157359985,0.06912780847899813
MSFT,2016-10-20,data\raw\data\transcripts\MSFT\2016-Oct-20-MSFT.txt,0.24039556086063385,0.08195998519659042,0.6776445508003235,0.042096176047678346,0.04978176941362422
MSFT,2017-04-27,data\raw\data\transcripts\MSFT\2017-Apr-27-MSFT.txt,0.19273483753204346,0.0959688276052475,0.7112963199615479,0.0027829834135328912,0.007909851652144972
MSFT,2017-01-26,data\raw\data\transcripts\MSFT\2017-Jan-26-MSFT.txt,0.21626652777194977,0.11450543254613876,0.6692280173301697,0.023494741875800695,-0.017115171240182248
MSFT,2017-07-20,data\raw\data\transcripts\MSFT\2017-Jul-20-MSFT.txt,0.21963536739349365,0.10029221326112747,0.6800723671913147,-0.005793499338935804,-0.014281617878587394
MSFT,2017-10-26,data\raw\data\transcripts\MSFT\2017-Oct-26-MSFT.txt,0.2666148841381073,0.07771506905555725,0.6556699872016907,0.06411894346196267,0.06716587235497617
MSFT,2018-04-26,data\raw\data\transcripts\MSFT\2018-Apr-26-MSFT.txt,0.29587113857269287,0.02515624463558197,0.6789725422859192,0.01654987358157034,-0.0020158673891481627
MSFT,2018-01-31,data\raw\data\transcripts\MSFT\2018-Jan-31-MSFT.txt,0.2613258361816406,0.08578575402498245,0.652888298034668,-0.007893747233110537,-0.05683594476253684
MSFT,2018-07-19,data\raw\data\transcripts\MSFT\2018-Jul-19-MSFT.txt,0.32416918873786926,0.04125458747148514,0.6345762014389038,0.017911794496682898,0.05000005536631691
MSFT,2018-10-24,data\raw\data\transcripts\MSFT\2018-Oct-24-MSFT.txt,0.30555111169815063,0.02770892158150673,0.6667400002479553,0.05844410179067849,0.04388183483052299
MSFT,2019-04-24,data\raw\data\transcripts\MSFT\2019-Apr-24-MSFT.txt,0.2806694209575653,0.051543813198804855,0.6677867770195007,0.033117259304492164,0.022958126523348055
MSFT,2019-01-30,data\raw\data\transcripts\MSFT\2019-Jan-30-MSFT.txt,0.24208897352218628,0.07131249457597733,0.6865984797477722,-0.01833058149664757,-0.0032901932085773744
MSFT,2019-07-18,data\raw\data\transcripts\MSFT\2019-Jul-18-MSFT.txt,0.27291139960289,0.07105990499258041,0.6560288071632385,0.0014658377605287765,0.027634824016676607
MSFT,2019-10-23,data\raw\data\transcripts\MSFT\2019-Oct-23-MSFT.txt,0.27188363671302795,0.06823765486478806,0.6598787307739258,0.01967344640022972,0.05370150414913266
MSFT,2020-04-29,data\raw\data\transcripts\MSFT\2020-Apr-29-MSFT.txt,0.25093114376068115,0.06867202371358871,0.6803968548774719,0.010032035008780804,0.028799933803267175
MSFT,2020-01-29,data\raw\data\transcripts\MSFT\2020-Jan-29-MSFT.txt,0.24778543412685394,0.06869082152843475,0.6835237741470337,0.02820748615245372,0.07057822565623884
MSFT,2020-07-22,data\raw\data\transcripts\MSFT\2020-Jul-22-MSFT.txt,0.2942044734954834,0.06730154156684875,0.6384939551353455,-0.04349489702118314,-0.036316481652300836
MU,2016-12-21,data\raw\data\transcripts\MU\2016-Dec-21-MU.txt,0.22883450984954834,0.03650020807981491,0.7346652746200562,0.12682198635605002,0.08211865992461043
MU,2016-06-30,data\raw\data\transcripts\MU\2016-Jun-30-MU.txt,0.22919507324695587,0.09279007464647293,0.6780147552490234,-0.0915696946220036,-0.08284880178063436
MU,2016-03-30,data\raw\data\transcripts\MU\2016-Mar-30-MU.txt,0.1721600592136383,0.11400065571069717,0.7138391137123108,-0.0009540467631269367,-0.0009540467631269367
MU,2016-10-04,data\raw\data\transcripts\MU\2016-Oct-04-MU.txt,0.22728277742862701,0.08962779492139816,0.6830894351005554,-0.005617962714210001,-0.05280904727887037
MU,2017-12-19,data\raw\data\transcripts\MU\2017-Dec-19-MU.txt,0.3066451847553253,0.03044050559401512,0.6629142761230469,0.04024563829716277,-0.034106192762030085
MU,2017-06-29,data\raw\data\transcripts\MU\2017-Jun-29-MU.txt,0.2944597899913788,0.0568334124982357,0.6487067937850952,-0.05115980401697828,-0.040355904988429336
MU,2017-03-23,data\raw\data\transcripts\MU\2017-Mar-23-MU.txt,0.22010578215122223,0.04356131702661514,0.7363328337669373,0.07404620929239436,0.09444659525642529
MU,2017-09-26,data\raw\data\transcripts\MU\2017-Sep-26-MU.txt,0.31848403811454773,0.026749469339847565,0.6547663807868958,0.0851378450589404,0.18110024292076177
MU,2018-12-18,data\raw\data\transcripts\MU\2018-Dec-18-MU.txt,0.2727314531803131,0.2388310581445694,0.4884374141693115,-0.0791555800896161,-0.09440041666112431
MU,2018-03-22,data\raw\data\transcripts\MU\2018-Mar-22-MU.txt,0.29988914728164673,0.043983787298202515,0.6561269164085388,-0.0799389530676814,-0.11507114397277718
MU,2018-09-20,data\raw\data\transcripts\MU\2018-Sep-20-MU.txt,0.36261793971061707,0.061162594705820084,0.5762195587158203,-0.028658210683764063,-0.02323071355019657
MU,2019-12-18,data\raw\data\transcripts\MU\2019-Dec-18-MU.txt,0.3271527886390686,0.11632606387138367,0.5565211772918701,0.028091716314504467,0.03902685076003776
MU,2019-06-25,data\raw\data\transcripts\MU\2019-Jun-25-MU.txt,0.25714707374572754,0.14212535321712494,0.6007276177406311,0.13341506730964703,0.21175006398744634
MU,2019-03-20,data\raw\data\transcripts\MU\2019-Mar-20-MU.txt,0.261148601770401,0.20134375989437103,0.5375075936317444,0.09618733737601204,-0.022427197865390824
MU,2019-09-26,data\raw\data\transcripts\MU\2019-Sep-26-MU.txt,0.2545722723007202,0.23876217007637024,0.5066656470298767,-0.11090534007363817,-0.10576142182841808
MU,2020-06-29,data\raw\data\transcripts\MU\2020-Jun-29-MU.txt,0.3016664385795593,0.1264607310295105,0.5718729496002197,0.04821967967611562,-0.0012208370082721354
MU,2020-03-25,data\raw\data\transcripts\MU\2020-Mar-25-MU.txt,0.29090720415115356,0.14749889075756073,0.5615938901901245,0.053882409481279314,-0.06141154380753322
NVDA,2016-08-11,data\raw\data\transcripts\NVDA\2016-Aug-11-NVDA.txt,0.1605585366487503,0.03391796350479126,0.8055234551429749,0.05594661570160153,0.040200964913081005
NVDA,2016-02-17,data\raw\data\transcripts\NVDA\2016-Feb-17-NVDA.txt,0.1982940286397934,0.037945456802845,0.7637604475021362,0.08604506741821183,0.1503981196155273
NVDA,2016-05-12,data\raw\data\transcripts\NVDA\2016-May-12-NVDA.txt,0.16069896519184113,0.056692466139793396,0.782608687877655,0.1520944480998243,0.22434624116812318
NVDA,2016-11-10,data\raw\data\transcripts\NVDA\2016-Nov-10-NVDA.txt,0.21093802154064178,0.02431633695960045,0.7647457122802734,0.2980674491619544,0.36328762900604605
NVDA,2017-08-10,data\raw\data\transcripts\NVDA\2017-Aug-10-NVDA.txt,0.20390987396240234,0.0233381986618042,0.7727519273757935,-0.05329606383207286,-0.019849607853105078
NVDA,2017-02-09,data\raw\data\transcripts\NVDA\2017-Feb-09-NVDA.txt,0.16185548901557922,0.025022801011800766,0.8131217360496521,-0.023715288278330582,-0.07844973819909529
NVDA,2017-05-09,data\raw\data\transcripts\NVDA\2017-May-09-NVDA.txt,0.1513819396495819,0.029211686924099922,0.8194064497947693,0.1782589416912157,0.3290264001184937
NVDA,2017-11-09,data\raw\data\transcripts\NVDA\2017-Nov-09-NVDA.txt,0.2102847546339035,0.0229987483471632,0.7667165398597717,0.05269820886776522,0.030634912702197648
NVDA,2018-08-16,data\raw\data\transcripts\NVDA\2018-Aug-16-NVDA.txt,0.20378559827804565,0.051451124250888824,0.7447633743286133,-0.04902126190552536,0.0365133993067428
NVDA,2018-02-08,data\raw\data\transcripts\NVDA\2018-Feb-08-NVDA.txt,0.1811942160129547,0.050345566123723984,0.7684601545333862,0.06693645304011708,0.13322909768904578
NVDA,2018-05-10,data\raw\data\transcripts\NVDA\2018-May-10-NVDA.txt,0.18215163052082062,0.028691086918115616,0.7891572713851929,-0.021527928112931805,-0.0477451012831529
NVDA,2018-11-15,data\raw\data\transcripts\NVDA\2018-Nov-15-NVDA.txt,0.1771382987499237,0.12415077537298203,0.6987108588218689,-0.18755884232870323,-0.28356123559532653
NVDA,2019-08-15,data\raw\data\transcripts\NVDA\2019-Aug-15-NVDA.txt,0.2015010416507721,0.04778982326388359,0.750709056854248,0.07252801329836522,0.1526516973950265
NVDA,2019-02-14,data\raw\data\transcripts\NVDA\2019-Feb-14-NVDA.txt,0.173715740442276,0.10424838960170746,0.7220359444618225,0.018184333166866518,0.030155916894584855
NVDA,2019-05-16,data\raw\data\transcripts\NVDA\2019-May-16-NVDA.txt,0.1728183478116989,0.07917575538158417,0.7480058670043945,-0.0228478698882999,-0.08034216383523618
NVDA,2019-11-14,data\raw\data\transcripts\NVDA\2019-Nov-14-NVDA.txt,0.18097738921642303,0.09667954593896866,0.7223429679870605,-0.026693242512092707,0.0018590464520047423
NVDA,2020-08-19,data\raw\data\transcripts\NVDA\2020-Aug-19-NVDA.txt,0.19007037580013275,0.07399612665176392,0.7359336018562317,0.0002056916116024432,0.052271637321014364
NVDA,2020-02-13,data\raw\data\transcripts\NVDA\2020-Feb-13-NVDA.txt,0.21317708492279053,0.04664958640933037,0.74017333984375,0.07020455756174404,0.08601066000204027
NVDA,2020-05-21,data\raw\data\transcripts\NVDA\2020-May-21-NVDA.txt,0.1700112223625183,0.04721757397055626,0.7827709913253784,0.028603230397677315,0.011424470584637136
